source,target,language,note
Save,Guardar,es,Apple HIG
Cancel,Cancelar,es,Apple HIG
Close,Cerrar,es,Apple HIG
Copy,Copiar,es,Apple HIG
Delete,Eliminar,es,Apple HIG (action sense)
Undo,Deshacer,es,Apple HIG
Redo,Rehacer,es,Apple HIG
Search,Buscar,es,Apple HIG
Print,Imprimir,es,Apple HIG
Export,Exportar,es,Apple HIG
Settings,Ajustes,es,Apple HIG (post-Ventura)
Open,Abrir,es,Apple HIG
Hide,Ocultar,es,Apple HIG
Accept,Aceptar,es,Apple HIG
Apply,Aplicar,es,Apple HIG
Reset,Restablecer,es,Apple HIG
Codebook,Libro de códigos,es,ATLAS.ti/MAXQDA convention
Quotes,Citas,es,QDA term — not Comillas
Sessions,Sesiones,es,QDA term
Signals,Señales,es,QDA term
Codes,Códigos,es,QDA term
Save,Sichern,de,Apple HIG
Cancel,Abbrechen,de,Apple HIG
Close,Schließen,de,Apple HIG
Copy,Kopieren,de,Apple HIG
Delete,Löschen,de,Apple HIG
Undo,Widerrufen,de,Apple HIG
Redo,Wiederholen,de,Apple HIG
Search,Suchen,de,Apple HIG
Print,Drucken,de,Apple HIG
Export,Exportieren,de,Apple HIG
Settings,Einstellungen,de,Apple HIG
Open,Öffnen,de,Apple HIG
Hide,Ausblenden,de,Apple HIG
Accept,Akzeptieren,de,Apple HIG
Apply,Anwenden,de,Apple HIG
Reset,Zurücksetzen,de,Apple HIG
Codebook,Codebuch,de,QDA convention
Quotes,Zitate,de,QDA term
Sessions,Interviews,de,QDA term
Signals,Signale,de,QDA term
Codes,Kodes,de,QDA term
Save,Enregistrer,fr,Apple HIG
Cancel,Annuler,fr,Apple HIG
Close,Fermer,fr,Apple HIG
Copy,Copier,fr,Apple HIG
Delete,Supprimer,fr,Apple HIG
Undo,Annuler,fr,Apple HIG
Redo,Rétablir,fr,Apple HIG
Search,Rechercher,fr,Apple HIG
Print,Imprimer,fr,Apple HIG
Export,Exporter,fr,Apple HIG
Settings,Réglages,fr,Apple HIG
Open,Ouvrir,fr,Apple HIG
Hide,Masquer,fr,Apple HIG
Accept,Accepter,fr,Apple HIG
Apply,Appliquer,fr,Apple HIG
Reset,Réinitialiser,fr,Apple HIG
Codebook,Grille de codage,fr,QDA convention
Quotes,Verbatim,fr,QDA term
Sessions,Entretiens,fr,QDA term
Signals,Signaux,fr,QDA term
Codes,Codes,fr,QDA term
Save,저장,ko,Apple HIG
Cancel,취소,ko,Apple HIG
Close,닫기,ko,Apple HIG
Copy,복사,ko,Apple HIG
Delete,삭제,ko,Apple HIG
Undo,실행 취소,ko,Apple HIG
Redo,실행 복귀,ko,Apple HIG
Search,검색,ko,Apple HIG
Print,프린트,ko,Apple HIG
Export,내보내기,ko,Apple HIG
Settings,설정,ko,Apple HIG
Open,열기,ko,Apple HIG
Hide,가리기,ko,Apple HIG
Accept,승인,ko,Apple HIG
Apply,적용,ko,Apple HIG
Reset,재설정,ko,Apple HIG
Codebook,코드북,ko,QDA convention
Quotes,인용문,ko,QDA term
Sessions,세션,ko,QDA term
Signals,시그널,ko,QDA term
Codes,코드,ko,QDA term
Save,保存,ja,Apple HIG
Cancel,キャンセル,ja,Apple HIG
Close,閉じる,ja,Apple HIG
Copy,コピー,ja,Apple HIG
Delete,削除,ja,Apple HIG
Undo,取り消す,ja,Apple HIG (macOS Edit menu)
Redo,やり直す,ja,Apple HIG (macOS Edit menu)
Search,検索,ja,Apple HIG
Print,プリント,ja,Apple HIG
Export,書き出す,ja,Apple HIG (verb form); エクスポート in noun contexts
Import,読み込む,ja,Apple HIG (verb form); インポート in noun contexts
Settings,設定,ja,Apple HIG (post-Ventura — replaced 環境設定)
Open,開く,ja,Apple HIG
Hide,非表示,ja,Apple HIG
Show,表示,ja,Apple HIG
Accept,承認,ja,Apple HIG / MS
Apply,適用,ja,Apple HIG
Reset,リセット,ja,Apple HIG
Edit,編集,ja,Apple HIG
Done,完了,ja,Apple HIG
Confirm,確認,ja,Apple HIG / MS
Continue,続ける,ja,Apple HIG
Back,戻る,ja,Apple HIG
Next,次へ,ja,Apple HIG
Skip,スキップ,ja,Apple HIG
Add,追加,ja,Apple HIG
Refresh,更新,ja,Apple HIG
Window,ウインドウ,ja,Apple JA (no small ィ — Apple convention)
Tab,タブ,ja,Apple HIG
Sidebar,サイドバー,ja,Apple HIG
Toolbar,ツールバー,ja,Apple HIG
Menu,メニュー,ja,Apple HIG
Help,ヘルプ,ja,Apple HIG
Quit,終了,ja,Apple HIG (app menu pattern)
Folder,フォルダ,ja,Apple JA (no long mark; MS uses フォルダー)
Project,プロジェクト,ja,Universal SaaS loanword
Filter,フィルタ,ja,Apple JA (no long mark; matches Photos.app)
Sort,並び替え,ja,Apple HIG
Share,共有,ja,Apple HIG
Sync,同期,ja,Apple HIG
Sign in,サインイン,ja,Apple HIG / MS
Codes,コード,ja,QDA / design-i18n.md table
Codebook,コードブック,ja,QDA / design-i18n.md table
Tags,タグ,ja,Universal loanword (design-i18n.md table)
Quotes,発言,ja,design-i18n.md anchored — hatsugen (utterance) — not 引用
Sessions,セッション,ja,design-i18n.md table
Signals,シグナル,ja,design-i18n.md anchored — Bristlenose-specific concept
Theme,テーマ,ja,UX TIMES / design-i18n.md
Topic,トピック,ja,Apple HIG
Cluster,クラスタ,ja,Apple JA (no long mark)
Section,セクション,ja,Apple HIG
Interview,インタビュー,ja,HCD-Net / UX register
Participant,参加者,ja,HCD-Net standard
Researcher,研究者,ja,HCD-Net / formal register
Observer,オブザーバー,ja,"Was 観察者 — corrected 25 Aug 2026 to match the four live ja keys that already ship オブザーバー (sessions.speakerPlaceholder.observer transcript.observer transcript.observers sessions.observer_one/_other). The glossary was the outlier not the product."
Transcript,トランスクリプト,ja,QDA-product register; 文字起こし for descriptive text
Speaker,話者,ja,Linguistics/transcription standard (not スピーカー = audio device)
User,ユーザー,ja,Apple HIG (long mark kept)
Usability,ユーザビリティ,ja,HCD-Net
Journey,ジャーニー,ja,UX register (e.g. カスタマージャーニー)
Friction,フリクション,ja,UX TIMES; # review for native nuance
Sentiment,感情,ja,HCD-Net / native reads natural
Insight,インサイト,ja,UX TIMES
Finding,発見,ja,Native reads natural
Affordance,アフォーダンス,ja,design-i18n.md anchored — Don Norman katakana
Signifier,シグニファイア,ja,design-i18n.md anchored — Don Norman katakana
Mapping,マッピング,ja,design-i18n.md anchored — Don Norman katakana
Feedback,フィードバック,ja,Universal
Frustration,フラストレーション,ja,UX register
Confusion,混乱,ja,Native reads natural
Doubt,疑念,ja,Native reads natural
Surprise,驚き,ja,Native reads natural
Satisfaction,満足,ja,Native reads natural
Delight,喜び,ja,Native reads natural
Confidence,自信,ja,Native reads natural
Coding,コーディング,ja,QDA standard
Affinity diagram,親和図,ja,KJ法 lineage — native Japanese reads natural
Memo,メモ,ja,MAXQDA JA
Anonymisation,匿名化,ja,Standard ja legal/data register
PII,個人情報,ja,Standard ja legal term
Pipeline,パイプライン,ja,Engineering loanword
Stage,ステージ,ja,Apple HIG (tech context)
Render,レンダリング,ja,Tech standard
Heatmap,ヒートマップ,ja,Universal
Save,Uložit,cs,Apple HIG
Cancel,Zrušit,cs,Apple HIG
Close,Zavřít,cs,Apple HIG
Copy,Kopírovat,cs,Apple HIG
Delete,Smazat,cs,Apple HIG (action sense)
Undo,Zpět,cs,Apple HIG (macOS Edit menu)
Redo,Znovu,cs,Apple HIG (macOS Edit menu)
Search,Hledat,cs,Apple HIG
Print,Tisknout,cs,Apple HIG
Export,Exportovat,cs,Apple HIG
Settings,Nastavení,cs,Apple HIG
Open,Otevřít,cs,Apple HIG
Hide,Skrýt,cs,Apple HIG
Accept,Přijmout,cs,Apple HIG
Apply,Použít,cs,Apple HIG
Reset,Obnovit,cs,Apple HIG
Codebook,Kniha kódů,cs,QDA convention
Quotes,Citáty,cs,QDA term — countable: citát
Sessions,Sezení,cs,QDA term
Signals,Signály,cs,QDA term
Codes,Kódy,cs,QDA term
Save,Salva,it,Apple HIG
Cancel,Annulla,it,Apple HIG
Close,Chiudi,it,Apple HIG
Copy,Copia,it,Apple HIG
Delete,Elimina,it,Apple HIG (action sense)
Undo,Annulla,it,Apple HIG (macOS Edit menu)
Redo,Ripristina,it,Apple HIG (macOS Edit menu)
Search,Cerca,it,Apple HIG
Print,Stampa,it,Apple HIG
Export,Esporta,it,Apple HIG
Import,Importa,it,Apple HIG
Settings,Impostazioni,it,Apple HIG
Open,Apri,it,Apple HIG
Hide,Nascondi,it,Apple HIG
Show,Mostra,it,Apple HIG
Accept,Accetta,it,Apple HIG
Apply,Applica,it,Apple HIG
Reset,Reimposta,it,Apple HIG
Done,Fine,it,Apple HIG
Edit,Modifica,it,Apple HIG
Add,Aggiungi,it,Apple HIG
Remove,Rimuovi,it,Apple HIG
Quit,Esci,it,Apple HIG
Codebook,Libro dei codici,it,QDA convention
Quotes,Citazioni,it,QDA term — countable: citazione
Sessions,Sessioni,it,QDA term
Signals,Segnali,it,QDA term
Codes,Codici,it,QDA term
Save,Salvar,pt-BR,Apple HIG (BR: Salvar vs PT: Guardar)
Cancel,Cancelar,pt-BR,Apple HIG
Close,Fechar,pt-BR,Apple HIG
Copy,Copiar,pt-BR,Apple HIG
Delete,Excluir,pt-BR,Apple HIG action sense (BR: Excluir vs PT: Eliminar)
Undo,Desfazer,pt-BR,Apple HIG
Redo,Refazer,pt-BR,Apple HIG
Search,Buscar,pt-BR,Apple HIG (BR: Buscar vs PT: Procurar)
Print,Imprimir,pt-BR,Apple HIG
Export,Exportar,pt-BR,Apple HIG
Settings,Ajustes,pt-BR,Apple HIG post-Ventura (BR: Ajustes vs PT: Definições)
Open,Abrir,pt-BR,Apple HIG
Hide,Ocultar,pt-BR,Apple HIG
Accept,Aceitar,pt-BR,Apple HIG
Apply,Aplicar,pt-BR,Apple HIG
Reset,Redefinir,pt-BR,Apple HIG (BR: Redefinir vs PT: Repor)
Codebook,Livro de códigos,pt-BR,ATLAS.ti/MAXQDA convention
Quotes,Citações,pt-BR,QDA term — not Aspas (punctuation)
Sessions,Sessões,pt-BR,QDA term
Signals,Sinais,pt-BR,QDA term
Codes,Códigos,pt-BR,QDA term
Save,Guardar,pt-PT,Apple HIG (PT: Guardar vs BR: Salvar)
Cancel,Cancelar,pt-PT,Apple HIG
Close,Fechar,pt-PT,Apple HIG
Copy,Copiar,pt-PT,Apple HIG
Delete,Eliminar,pt-PT,Apple HIG action sense (PT: Eliminar vs BR: Excluir)
Undo,Desfazer,pt-PT,Apple HIG
Redo,Refazer,pt-PT,Apple HIG
Search,Procurar,pt-PT,Apple HIG (PT: Procurar vs BR: Buscar)
Print,Imprimir,pt-PT,Apple HIG
Export,Exportar,pt-PT,Apple HIG
Settings,Definições,pt-PT,Apple HIG (PT: Definições vs BR: Ajustes)
Open,Abrir,pt-PT,Apple HIG
Hide,Ocultar,pt-PT,Apple HIG
Accept,Aceitar,pt-PT,Apple HIG
Apply,Aplicar,pt-PT,Apple HIG
Reset,Repor,pt-PT,Apple HIG (PT: Repor vs BR: Redefinir)
Codebook,Livro de códigos,pt-PT,ATLAS.ti/MAXQDA convention
Quotes,Citações,pt-PT,QDA term — not Aspas (punctuation)
Sessions,Sessões,pt-PT,QDA term
Signals,Sinais,pt-PT,QDA term
Codes,Códigos,pt-PT,QDA term
Save,儲存,zh-Hant,Apple HIG
Cancel,取消,zh-Hant,Apple HIG
Close,關閉,zh-Hant,Apple HIG
Copy,拷貝,zh-Hant,Apple HIG (macOS Edit menu)
Delete,刪除,zh-Hant,Apple HIG (action sense)
Undo,還原,zh-Hant,Apple HIG (macOS Edit menu)
Redo,重做,zh-Hant,Apple HIG (macOS Edit menu)
Search,搜尋,zh-Hant,Apple HIG
Print,列印,zh-Hant,Apple HIG
Export,輸出,zh-Hant,Apple HIG
Import,輸入,zh-Hant,Apple HIG
Settings,設定,zh-Hant,Apple HIG
Open,打開,zh-Hant,Apple HIG
Hide,隱藏,zh-Hant,Apple HIG
Show,顯示,zh-Hant,Apple HIG
Accept,接受,zh-Hant,Apple HIG
Apply,套用,zh-Hant,Apple HIG
Reset,重設,zh-Hant,Apple HIG
Done,完成,zh-Hant,Apple HIG
Edit,編輯,zh-Hant,Apple HIG
Add,加入,zh-Hant,Apple HIG
Remove,移除,zh-Hant,Apple HIG
Quit,結束,zh-Hant,Apple HIG
Codebook,代碼簿,zh-Hant,QDA convention
Quotes,引述,zh-Hant,QDA term — countable
Sessions,工作階段,zh-Hant,QDA term
Signals,訊號,zh-Hant,QDA term
Codes,代碼,zh-Hant,QDA term

Save,Zapisz,pl,Apple HIG
Cancel,Anuluj,pl,Apple HIG
Close,Zamknij,pl,Apple HIG
Copy,Kopiuj,pl,Apple HIG
Delete,Usuń,pl,Apple HIG (action sense)
Undo,Cofnij,pl,Apple HIG (macOS Edit menu)
Redo,Ponów,pl,Apple HIG (macOS Edit menu)
Search,Szukaj,pl,Apple HIG
Print,Drukuj,pl,Apple HIG
Export,Eksportuj,pl,Apple HIG
Settings,Ustawienia,pl,Apple HIG
Open,Otwórz,pl,Apple HIG
Hide,Ukryj,pl,Apple HIG
Accept,Zaakceptuj,pl,Apple HIG
Apply,Zastosuj,pl,Apple HIG
Reset,Resetuj,pl,Apple HIG
Codebook,Księga kodów,pl,QDA convention
Quotes,Cytaty,pl,QDA term — countable: cytat
Sessions,Sesje,pl,QDA term
Signals,Sygnały,pl,QDA term
Codes,Kody,pl,QDA term
Save,Сохранить,ru,Apple HIG
Cancel,Отмена,ru,Apple HIG (button); Отменить = Undo
Close,Закрыть,ru,Apple HIG
Copy,Скопировать,ru,Apple HIG (Edit menu)
Delete,Удалить,ru,Apple HIG; Убрать = Remove
Undo,Отменить,ru,Apple HIG (macOS Edit menu)
Redo,Повторить,ru,Apple HIG (macOS Edit menu)
Search,Найти,ru,Apple HIG (Find); label = Поиск
Print,Напечатать,ru,Apple HIG
Export,Экспортировать,ru,Apple HIG
Settings,Настройки,ru,Apple HIG; alt Параметры
Open,Открыть,ru,Apple HIG
Hide,Скрыть,ru,Apple HIG
Accept,Принять,ru,Apple HIG
Apply,Применить,ru,Apple HIG
Reset,Сбросить,ru,Apple HIG
Codebook,Книга кодов,ru,QDA convention; alt Кодировочная схема
Quotes,Цитаты,ru,QDA term — countable: цитата
Sessions,Сессии,ru,QDA term
Signals,Сигналы,ru,product term
Codes,Коды,ru,QDA term
Save,Зберегти,uk,Apple HIG
Cancel,Скасувати,uk,Apple HIG
Close,Закрити,uk,Apple HIG
Copy,Скопіювати,uk,Apple HIG (Edit menu)
Delete,Видалити,uk,Apple HIG; Вилучити = Remove
Undo,Відмінити,uk,disambiguate from Cancel = Скасувати
Redo,Повторити,uk,Apple HIG (macOS Edit menu)
Search,Знайти,uk,Apple HIG (Find); label = Пошук
Print,Надрукувати,uk,Apple HIG
Export,Експортувати,uk,Apple HIG
Settings,Параметри,uk,Apple HIG; alt Налаштування
Open,Відкрити,uk,Apple HIG
Hide,Сховати,uk,Apple HIG; alt Приховати
Accept,Прийняти,uk,Apple HIG
Apply,Застосувати,uk,Apple HIG
Reset,Скинути,uk,Apple HIG
Codebook,Книга кодів,uk,QDA convention; alt Схема кодування
Quotes,Цитати,uk,QDA term — countable: цитата
Sessions,Сесії,uk,QDA term
Signals,Сигнали,uk,product term
Codes,Коди,uk,QDA term
Save,Gem,da,Apple HIG
Cancel,Annullér,da,Apple HIG
Close,Luk,da,Apple HIG
Copy,Kopiér,da,Apple HIG
Delete,Slet,da,Apple HIG; Fjern = Remove
Undo,Fortryd,da,Apple HIG (macOS Edit menu)
Redo,Gentag,da,Apple HIG (macOS Edit menu)
Search,Søg,da,Apple HIG
Print,Udskriv,da,Apple HIG
Export,Eksportér,da,Apple HIG
Settings,Indstillinger,da,Apple HIG
Open,Åbn,da,Apple HIG
Hide,Skjul,da,Apple HIG
Accept,Accepter,da,Apple HIG
Apply,Anvend,da,Apple HIG
Reset,Nulstil,da,Apple HIG
Codebook,Kodebog,da,QDA convention
Quotes,Citater,da,QDA term — countable: citat
Sessions,Sessioner,da,QDA term
Signals,Signaler,da,product term
Codes,Koder,da,QDA term
Save,Spara,sv,Apple HIG
Cancel,Avbryt,sv,Apple HIG
Close,Stäng,sv,Apple HIG
Copy,Kopiera,sv,Apple HIG
Delete,Radera,sv,Apple HIG; Ta bort = Remove
Undo,Ångra,sv,Apple HIG (macOS Edit menu)
Redo,Gör om,sv,Apple HIG (macOS Edit menu)
Search,Sök,sv,Apple HIG
Print,Skriv ut,sv,Apple HIG
Export,Exportera,sv,Apple HIG
Settings,Inställningar,sv,Apple HIG
Open,Öppna,sv,Apple HIG
Hide,Dölj,sv,Apple HIG
Accept,Acceptera,sv,Apple HIG
Apply,Använd,sv,Apple HIG
Reset,Återställ,sv,Apple HIG
Codebook,Kodbok,sv,QDA convention
Quotes,Citat,sv,QDA term — countable: citat
Sessions,Sessioner,sv,QDA term
Signals,Signaler,sv,product term
Codes,Koder,sv,QDA term
Save,Lagre,nb,Apple HIG
Cancel,Avbryt,nb,Apple HIG
Close,Lukk,nb,Apple HIG
Copy,Kopier,nb,Apple HIG
Delete,Slett,nb,Apple HIG; Fjern = Remove
Undo,Angre,nb,Apple HIG (macOS Edit menu)
Redo,Gjør om,nb,Apple HIG (macOS Edit menu)
Search,Søk,nb,Apple HIG
Print,Skriv ut,nb,Apple HIG
Export,Eksporter,nb,Apple HIG
Settings,Innstillinger,nb,Apple HIG
Open,Åpne,nb,Apple HIG
Hide,Skjul,nb,Apple HIG
Accept,Godta,nb,Apple HIG
Apply,Bruk,nb,Apple HIG
Reset,Tilbakestill,nb,Apple HIG
Codebook,Kodebok,nb,QDA convention
Quotes,Sitater,nb,QDA term — countable: sitat (nb spelling)
Sessions,Økter,nb,QDA term
Signals,Signaler,nb,product term
Codes,Koder,nb,QDA term
Save,Kaydet,tr,Apple HIG
Cancel,Vazgeç,tr,Apple HIG (Mac idiom); İptal = MS/web alt
Close,Kapat,tr,Apple HIG
Copy,Kopyala,tr,Apple HIG
Delete,Sil,tr,Apple HIG; Kaldır = Remove
Undo,Geri Al,tr,Apple HIG (macOS Edit menu)
Redo,Yinele,tr,Apple HIG (macOS Edit menu)
Search,Ara,tr,Apple HIG; Bul = Find
Print,Yazdır,tr,Apple HIG
Export,Dışa Aktar,tr,Apple HIG
Settings,Ayarlar,tr,Apple HIG
Open,Aç,tr,Apple HIG
Hide,Gizle,tr,Apple HIG
Accept,Kabul Et,tr,Apple HIG
Apply,Uygula,tr,Apple HIG
Reset,Sıfırla,tr,Apple HIG
Codebook,Kod defteri,tr,QDA convention; alt kod kitabı
Quotes,Alıntılar,tr,QDA term — countable: alıntı
Sessions,Oturumlar,tr,QDA term
Signals,Sinyaller,tr,product term
Codes,Kodlar,tr,QDA term
Save,Bewaar,nl,Apple HIG
Cancel,Annuleer,nl,Apple HIG
Close,Sluit,nl,Apple HIG
Copy,Kopieer,nl,Apple HIG
Delete,Verwijder,nl,Apple HIG
Undo,Herstel,nl,Apple HIG
Redo,Opnieuw,nl,Apple HIG
Search,Zoek,nl,Apple HIG
Print,Druk af,nl,Apple HIG
Export,Exporteer,nl,Apple HIG
Settings,Instellingen,nl,Apple HIG
Open,Open,nl,Apple HIG
Hide,Verberg,nl,Apple HIG
Accept,Accepteer,nl,Apple HIG
Apply,Pas toe,nl,Apple HIG
Reset,Herstel standaardwaarden,nl,Apple HIG
Codebook,Codeboek,nl,QDA convention
Quotes,Citaten,nl,QDA term
Sessions,Sessies,nl,QDA term
Signals,Signalen,nl,QDA term
Codes,Codes,nl,QDA term
Save,Tallenna,fi,Apple HIG
Cancel,Peruuta,fi,"Apple HIG (dialog); Kumoa = Undo, avoid clash"
Close,Sulje,fi,Apple HIG
Copy,Kopioi,fi,Apple HIG
Delete,Poista,fi,Apple HIG; Poista sivupalkista = Remove
Undo,Kumoa,fi,Apple HIG (Edit menu); Peru = Apple Pages variant
Redo,Tee uudelleen,fi,Apple HIG; Tee sittenkin = Apple Pages variant
Search,Etsi,fi,Apple HIG (verb); Haku = noun
Print,Tulosta,fi,Apple HIG
Export,Vie,fi,Apple HIG
Settings,Asetukset,fi,Apple HIG
Open,Avaa,fi,Apple HIG
Hide,Kätke,fi,Apple HIG (macOS menus); Piilota = web/MS register
Accept,Hyväksy,fi,Apple HIG
Apply,Käytä,fi,Apple HIG
Reset,Palauta,fi,Apple HIG
Codebook,Koodikirja,fi,QDA convention
Quotes,Sitaatit,fi,QDA term (FSD KvaliMOTV) — countable: sitaatti
Sessions,Istunnot,fi,QDA term; session = istunto
Signals,Signaalit,fi,product term
Codes,Koodit,fi,QDA term (FSD): koodi/koodaus
Agent,Agente,es,AI agent (MCP client); tr/zh-Hant choice pending native review
Agent,エージェント,ja,AI agent (MCP client); tr/zh-Hant choice pending native review
Agent,Agent,fr,AI agent (MCP client); tr/zh-Hant choice pending native review
Agent,Agent,de,AI agent (MCP client); tr/zh-Hant choice pending native review
Agent,에이전트,ko,AI agent (MCP client); tr/zh-Hant choice pending native review
Agent,Agent,cs,AI agent (MCP client); tr/zh-Hant choice pending native review
Agent,Agente,it,AI agent (MCP client); tr/zh-Hant choice pending native review
Agent,Agent,pl,AI agent (MCP client); tr/zh-Hant choice pending native review
Agent,Агент,ru,AI agent (MCP client); tr/zh-Hant choice pending native review
Agent,Агент,uk,AI agent (MCP client); tr/zh-Hant choice pending native review
Agent,Agent,da,AI agent (MCP client); tr/zh-Hant choice pending native review
Agent,Agent,sv,AI agent (MCP client); tr/zh-Hant choice pending native review
Agent,Agent,nb,AI agent (MCP client); tr/zh-Hant choice pending native review
Agent,Aracı,tr,AI agent (MCP client); tr/zh-Hant choice pending native review — aracı chosen over ajan (espionage sense) and matches "aracı erişimi" = Agent Access
Agent,Agent,nl,AI agent (MCP client); tr/zh-Hant choice pending native review
Agent,Agentti,fi,AI agent (MCP client); tr/zh-Hant choice pending native review
Agent,Agente,pt-BR,AI agent (MCP client); tr/zh-Hant choice pending native review
Agent,Agente,pt-PT,AI agent (MCP client); tr/zh-Hant choice pending native review
Agent,代理程式,zh-Hant,AI agent (MCP client); tr/zh-Hant choice pending native review — bare 代理 reads as proxy/agency and the artefact IS a proxy
Focus Mode,Režim soustředění,cs,Bristlenose feature: distraction-free reading state for the report. NOT Apple's system Focus (notification filtering) - do not reuse that term where it differs (e.g. it: Full Immersion).
Focus Mode,Fokustilstand,da,Bristlenose feature: distraction-free reading state for the report. NOT Apple's system Focus (notification filtering) - do not reuse that term where it differs (e.g. it: Full Immersion).
Focus Mode,Fokusmodus,de,Bristlenose feature: distraction-free reading state for the report. NOT Apple's system Focus (notification filtering) - do not reuse that term where it differs (e.g. it: Full Immersion).
Focus Mode,Modo enfoque,es,Bristlenose feature: distraction-free reading state for the report. NOT Apple's system Focus (notification filtering) - do not reuse that term where it differs (e.g. it: Full Immersion).
Focus Mode,Keskittymistila,fi,Bristlenose feature: distraction-free reading state for the report. NOT Apple's system Focus (notification filtering) - do not reuse that term where it differs (e.g. it: Full Immersion).
Focus Mode,Mode concentration,fr,Bristlenose feature: distraction-free reading state for the report. NOT Apple's system Focus (notification filtering) - do not reuse that term where it differs (e.g. it: Full Immersion).
Focus Mode,Modalità focus,it,Bristlenose feature: distraction-free reading state for the report. NOT Apple's system Focus (notification filtering) - do not reuse that term where it differs (e.g. it: Full Immersion).
Focus Mode,フォーカスモード,ja,Bristlenose feature: distraction-free reading state for the report. NOT Apple's system Focus (notification filtering) - do not reuse that term where it differs (e.g. it: Full Immersion).
Focus Mode,집중 모드,ko,Bristlenose feature: distraction-free reading state for the report. NOT Apple's system Focus (notification filtering) - do not reuse that term where it differs (e.g. it: Full Immersion).
Focus Mode,Fokusmodus,nb,Bristlenose feature: distraction-free reading state for the report. NOT Apple's system Focus (notification filtering) - do not reuse that term where it differs (e.g. it: Full Immersion).
Focus Mode,Focusmodus,nl,Bristlenose feature: distraction-free reading state for the report. NOT Apple's system Focus (notification filtering) - do not reuse that term where it differs (e.g. it: Full Immersion).
Focus Mode,Tryb skupienia,pl,Bristlenose feature: distraction-free reading state for the report. NOT Apple's system Focus (notification filtering) - do not reuse that term where it differs (e.g. it: Full Immersion).
Focus Mode,Modo foco,pt-BR,Bristlenose feature: distraction-free reading state for the report. NOT Apple's system Focus (notification filtering) - do not reuse that term where it differs (e.g. it: Full Immersion).
Focus Mode,Modo de foco,pt-PT,Bristlenose feature: distraction-free reading state for the report. NOT Apple's system Focus (notification filtering) - do not reuse that term where it differs (e.g. it: Full Immersion).
Focus Mode,Режим фокуса,ru,Bristlenose feature: distraction-free reading state for the report. NOT Apple's system Focus (notification filtering) - do not reuse that term where it differs (e.g. it: Full Immersion).
Focus Mode,Fokusläge,sv,Bristlenose feature: distraction-free reading state for the report. NOT Apple's system Focus (notification filtering) - do not reuse that term where it differs (e.g. it: Full Immersion).
Focus Mode,Odak modu,tr,Bristlenose feature: distraction-free reading state for the report. NOT Apple's system Focus (notification filtering) - do not reuse that term where it differs (e.g. it: Full Immersion).
Focus Mode,Режим фокусування,uk,Bristlenose feature: distraction-free reading state for the report. NOT Apple's system Focus (notification filtering) - do not reuse that term where it differs (e.g. it: Full Immersion).
Focus Mode,專注模式,zh-Hant,Bristlenose feature: distraction-free reading state for the report. NOT Apple's system Focus (notification filtering) - do not reuse that term where it differs (e.g. it: Full Immersion).
Save,Desa,ca,Apple macOS ca (verified on-device 14 Aug 2026). Imperative. NOT Guardar - that is the Spanish form and the castellanisme trap
Cancel,Cancel·la,ca,Apple macOS ca (verified on-device 14 Aug 2026). Contains the interpunct U+00B7 (l·l) - watch JSON escaping and font fallback
Close,Tanca,ca,Apple macOS ca (verified on-device 14 Aug 2026)
Copy,Copia,ca,Apple macOS ca (verified on-device 14 Aug 2026)
Delete,Elimina,ca,Apple macOS ca (verified on-device 14 Aug 2026) Edit menu. Apple uses Elimina for BOTH Delete and Remove - see Remove row. PENDING native review for the disambiguation
Undo,Desfés,ca,Apple macOS ca (verified on-device 14 Aug 2026)
Redo,Refés,ca,Apple macOS ca (verified on-device 14 Aug 2026)
Search,Cerca,ca,Apple macOS ca (verified on-device 14 Aug 2026)
Print,Imprimeix,ca,Apple macOS ca (verified on-device 14 Aug 2026)
Export,Exporta,ca,Apple macOS ca (verified on-device 14 Aug 2026)
Settings,Configuració,ca,Apple macOS ca (verified on-device 14 Aug 2026). Catalan did NOT follow the Spanish post-Ventura rename to Ajustes - do not inherit it
Open,Obre,ca,Apple macOS ca (verified on-device 14 Aug 2026)
Hide,Oculta,ca,Apple macOS ca (verified on-device 14 Aug 2026). NOT Amaga
Import,Importa,ca,Apple macOS ca (verified on-device 14 Aug 2026)
Show,Mostra,ca,Apple macOS ca (verified on-device 14 Aug 2026)
Edit,Edita,ca,Apple macOS ca (verified on-device 14 Aug 2026) System Settings
Add,Afegeix,ca,Apple macOS ca (verified on-device 14 Aug 2026) System Settings
Quit,Surt,ca,Apple macOS ca (verified on-device 14 Aug 2026)
Accept,Accepta,ca,Softcatala Recull lemma acceptar. Imperative per Microsoft ca-ES style guide 4.1.19: the infinitive must never be used in Catalan. PENDING native review
Apply,Aplica,ca,Softcatala Recull lemma aplicar. Imperative per Microsoft ca-ES style guide 4.1.19: the infinitive must never be used in Catalan. PENDING native review
Reset,Reinicialitza,ca,Softcatala Recull gives reiniciar/reinicialitzar. Restableix is the alternative. PENDING native review
Done,Fet,ca,Softcatala Recull. PENDING native review
Remove,Suprimeix,ca,Ours to disambiguate - Apple uses Elimina for both Delete and Remove. PENDING native review
Codebook,Llibre de codis,ca,QDA term. PENDING native review - ask whether Catalan QDA practice has its own form
Quotes,Cites,ca,QDA term. PENDING native review - ask whether Catalan UR borrowed verbatim the way French did
Sessions,Sessions,ca,QDA term. PENDING native review
Signals,Senyals,ca,Bristlenose coinage - we name it. PENDING native review
Codes,Codis,ca,QDA term. PENDING native review
Agent,Agent,ca,AI agent (MCP client). PENDING native review
Focus Mode,Mode immersió,ca,PROVISIONAL - COLLISION: Apple ca calls system Focus 'Modes de concentració' so Mode concentració is unavailable. Immersion register proposed after it: Full Immersion. PENDING native review
Library,Biblioteca,ca,Sidebar group header over the codebook list on the Codebooks lens - the browsable collection of codebooks. Noun not a verb phrase. Same word as desktop toolbar.library. Supersedes the earlier Frameworks wording which drifted when the en value changed on 20 Aug 2026 and the 20 translations did not follow PENDING native review
Library,Knihovna,cs,Sidebar group header over the codebook list on the Codebooks lens - the browsable collection of codebooks. Noun not a verb phrase. Same word as desktop toolbar.library. Supersedes the earlier Frameworks wording which drifted when the en value changed on 20 Aug 2026 and the 20 translations did not follow
Library,Bibliotek,da,Sidebar group header over the codebook list on the Codebooks lens - the browsable collection of codebooks. Noun not a verb phrase. Same word as desktop toolbar.library. Supersedes the earlier Frameworks wording which drifted when the en value changed on 20 Aug 2026 and the 20 translations did not follow
Library,Bibliothek,de,Sidebar group header over the codebook list on the Codebooks lens - the browsable collection of codebooks. Noun not a verb phrase. Same word as desktop toolbar.library. Supersedes the earlier Frameworks wording which drifted when the en value changed on 20 Aug 2026 and the 20 translations did not follow
Library,Biblioteca,es,Sidebar group header over the codebook list on the Codebooks lens - the browsable collection of codebooks. Noun not a verb phrase. Same word as desktop toolbar.library. Supersedes the earlier Frameworks wording which drifted when the en value changed on 20 Aug 2026 and the 20 translations did not follow
Library,Kirjasto,fi,Sidebar group header over the codebook list on the Codebooks lens - the browsable collection of codebooks. Noun not a verb phrase. Same word as desktop toolbar.library. Supersedes the earlier Frameworks wording which drifted when the en value changed on 20 Aug 2026 and the 20 translations did not follow
Library,Bibliothèque,fr,Sidebar group header over the codebook list on the Codebooks lens - the browsable collection of codebooks. Noun not a verb phrase. Same word as desktop toolbar.library. Supersedes the earlier Frameworks wording which drifted when the en value changed on 20 Aug 2026 and the 20 translations did not follow
Library,Libreria,it,Sidebar group header over the codebook list on the Codebooks lens - the browsable collection of codebooks. Noun not a verb phrase. Same word as desktop toolbar.library. Supersedes the earlier Frameworks wording which drifted when the en value changed on 20 Aug 2026 and the 20 translations did not follow - Libreria is Apple's it term for Library not Biblioteca
Library,ライブラリ,ja,Sidebar group header over the codebook list on the Codebooks lens - the browsable collection of codebooks. Noun not a verb phrase. Same word as desktop toolbar.library. Supersedes the earlier Frameworks wording which drifted when the en value changed on 20 Aug 2026 and the 20 translations did not follow
Library,라이브러리,ko,Sidebar group header over the codebook list on the Codebooks lens - the browsable collection of codebooks. Noun not a verb phrase. Same word as desktop toolbar.library. Supersedes the earlier Frameworks wording which drifted when the en value changed on 20 Aug 2026 and the 20 translations did not follow
Library,Bibliotek,nb,Sidebar group header over the codebook list on the Codebooks lens - the browsable collection of codebooks. Noun not a verb phrase. Same word as desktop toolbar.library. Supersedes the earlier Frameworks wording which drifted when the en value changed on 20 Aug 2026 and the 20 translations did not follow
Library,Bibliotheek,nl,Sidebar group header over the codebook list on the Codebooks lens - the browsable collection of codebooks. Noun not a verb phrase. Same word as desktop toolbar.library. Supersedes the earlier Frameworks wording which drifted when the en value changed on 20 Aug 2026 and the 20 translations did not follow
Library,Biblioteka,pl,Sidebar group header over the codebook list on the Codebooks lens - the browsable collection of codebooks. Noun not a verb phrase. Same word as desktop toolbar.library. Supersedes the earlier Frameworks wording which drifted when the en value changed on 20 Aug 2026 and the 20 translations did not follow
Library,Biblioteca,pt-BR,Sidebar group header over the codebook list on the Codebooks lens - the browsable collection of codebooks. Noun not a verb phrase. Same word as desktop toolbar.library. Supersedes the earlier Frameworks wording which drifted when the en value changed on 20 Aug 2026 and the 20 translations did not follow
Library,Biblioteca,pt-PT,Sidebar group header over the codebook list on the Codebooks lens - the browsable collection of codebooks. Noun not a verb phrase. Same word as desktop toolbar.library. Supersedes the earlier Frameworks wording which drifted when the en value changed on 20 Aug 2026 and the 20 translations did not follow
Library,Библиотека,ru,Sidebar group header over the codebook list on the Codebooks lens - the browsable collection of codebooks. Noun not a verb phrase. Same word as desktop toolbar.library. Supersedes the earlier Frameworks wording which drifted when the en value changed on 20 Aug 2026 and the 20 translations did not follow
Library,Bibliotek,sv,Sidebar group header over the codebook list on the Codebooks lens - the browsable collection of codebooks. Noun not a verb phrase. Same word as desktop toolbar.library. Supersedes the earlier Frameworks wording which drifted when the en value changed on 20 Aug 2026 and the 20 translations did not follow
Library,Kitaplık,tr,Sidebar group header over the codebook list on the Codebooks lens - the browsable collection of codebooks. Noun not a verb phrase. Same word as desktop toolbar.library. Supersedes the earlier Frameworks wording which drifted when the en value changed on 20 Aug 2026 and the 20 translations did not follow
Library,Бібліотека,uk,Sidebar group header over the codebook list on the Codebooks lens - the browsable collection of codebooks. Noun not a verb phrase. Same word as desktop toolbar.library. Supersedes the earlier Frameworks wording which drifted when the en value changed on 20 Aug 2026 and the 20 translations did not follow
Library,編碼簿庫,zh-Hant,Sidebar group header over the codebook list on the Codebooks lens - the browsable collection of codebooks. Noun not a verb phrase. Same word as desktop toolbar.library. Supersedes the earlier Frameworks wording which drifted when the en value changed on 20 Aug 2026 and the 20 translations did not follow - 編碼簿庫 (codebook library) not a bare 庫 which reads as a software/data library
Default,Per defecte,ca,"Sidebar group header over the codebooks that ship with Bristlenose. Replaced Built-in when the en value changed 20 Aug 2026. Apple's own term, measured from the shipping macOS loctables - not a style-guide choice. PENDING native review - Apple ca ships Per omissio; Per defecte kept from the ca glossary pass - reviewer to reconcile"
Default,Výchozí,cs,"Sidebar group header over the codebooks that ship with Bristlenose. Replaced Built-in when the en value changed 20 Aug 2026. Apple's own term, measured from the shipping macOS loctables - not a style-guide choice. PENDING native review"
Default,Standard,da,"Sidebar group header over the codebooks that ship with Bristlenose. Replaced Built-in when the en value changed 20 Aug 2026. Apple's own term, measured from the shipping macOS loctables - not a style-guide choice. PENDING native review"
Default,Standard,de,"Sidebar group header over the codebooks that ship with Bristlenose. Replaced Built-in when the en value changed 20 Aug 2026. Apple's own term, measured from the shipping macOS loctables - not a style-guide choice. PENDING native review"
Default,Por omisión,es,"Sidebar group header over the codebooks that ship with Bristlenose. Replaced Built-in when the en value changed 20 Aug 2026. Apple's own term, measured from the shipping macOS loctables - not a style-guide choice. PENDING native review"
Default,Oletus,fi,"Sidebar group header over the codebooks that ship with Bristlenose. Replaced Built-in when the en value changed 20 Aug 2026. Apple's own term, measured from the shipping macOS loctables - not a style-guide choice. PENDING native review"
Default,Par défaut,fr,"Sidebar group header over the codebooks that ship with Bristlenose. Replaced Built-in when the en value changed 20 Aug 2026. Apple's own term, measured from the shipping macOS loctables - not a style-guide choice. PENDING native review"
Default,Default,it,"Sidebar group header over the codebooks that ship with Bristlenose. Replaced Built-in when the en value changed 20 Aug 2026. Apple's own term, measured from the shipping macOS loctables - not a style-guide choice. PENDING native review - Apple it keeps the English word Default (239 hits vs 22 for Di default)"
Default,デフォルト,ja,"Sidebar group header over the codebooks that ship with Bristlenose. Replaced Built-in when the en value changed 20 Aug 2026. Apple's own term, measured from the shipping macOS loctables - not a style-guide choice. PENDING native review"
Default,기본,ko,"Sidebar group header over the codebooks that ship with Bristlenose. Replaced Built-in when the en value changed 20 Aug 2026. Apple's own term, measured from the shipping macOS loctables - not a style-guide choice. PENDING native review"
Default,Standard,nb,"Sidebar group header over the codebooks that ship with Bristlenose. Replaced Built-in when the en value changed 20 Aug 2026. Apple's own term, measured from the shipping macOS loctables - not a style-guide choice. PENDING native review"
Default,Standaard,nl,"Sidebar group header over the codebooks that ship with Bristlenose. Replaced Built-in when the en value changed 20 Aug 2026. Apple's own term, measured from the shipping macOS loctables - not a style-guide choice. PENDING native review"
Default,Domyślne,pl,"Sidebar group header over the codebooks that ship with Bristlenose. Replaced Built-in when the en value changed 20 Aug 2026. Apple's own term, measured from the shipping macOS loctables - not a style-guide choice. PENDING native review"
Default,Padrão,pt-BR,"Sidebar group header over the codebooks that ship with Bristlenose. Replaced Built-in when the en value changed 20 Aug 2026. Apple's own term, measured from the shipping macOS loctables - not a style-guide choice. PENDING native review"
Default,Predefinidos,pt-PT,"Sidebar group header over the codebooks that ship with Bristlenose. Replaced Built-in when the en value changed 20 Aug 2026. Apple's own term, measured from the shipping macOS loctables - not a style-guide choice. PENDING native review - Apple pt-PT ships the noun Predefinicao; pluralised to agree with Livros de codigos"
Default,По умолчанию,ru,"Sidebar group header over the codebooks that ship with Bristlenose. Replaced Built-in when the en value changed 20 Aug 2026. Apple's own term, measured from the shipping macOS loctables - not a style-guide choice. PENDING native review"
Default,Förval,sv,"Sidebar group header over the codebooks that ship with Bristlenose. Replaced Built-in when the en value changed 20 Aug 2026. Apple's own term, measured from the shipping macOS loctables - not a style-guide choice. PENDING native review - Apple sv ships the noun Forval (243 hits) rather than an adjective"
Default,Saptanmış,tr,"Sidebar group header over the codebooks that ship with Bristlenose. Replaced Built-in when the en value changed 20 Aug 2026. Apple's own term, measured from the shipping macOS loctables - not a style-guide choice. PENDING native review - Apple tr ships Saptanmis; the wider Turkish software convention is Varsayilan - reviewer to confirm which register wins here"
Default,Типові,uk,"Sidebar group header over the codebooks that ship with Bristlenose. Replaced Built-in when the en value changed 20 Aug 2026. Apple's own term, measured from the shipping macOS loctables - not a style-guide choice. PENDING native review"
Default,預設,zh-Hant,"Sidebar group header over the codebooks that ship with Bristlenose. Replaced Built-in when the en value changed 20 Aug 2026. Apple's own term, measured from the shipping macOS loctables - not a style-guide choice. PENDING native review"
Manual tags,Etiquetes manuals,ca,"Sidebar group header over tags the researcher made by hand, as against Default and Library codebooks. Replaced Your tags when the en value changed 20 Aug 2026. Adjective from Apple's Manual; noun lifted from each locale's own existing plural for tags. PENDING native review"
Manual tags,Ruční štítky,cs,"Sidebar group header over tags the researcher made by hand, as against Default and Library codebooks. Replaced Your tags when the en value changed 20 Aug 2026. Adjective from Apple's Manual; noun lifted from each locale's own existing plural for tags. PENDING native review"
Manual tags,Manuelle tags,da,"Sidebar group header over tags the researcher made by hand, as against Default and Library codebooks. Replaced Your tags when the en value changed 20 Aug 2026. Adjective from Apple's Manual; noun lifted from each locale's own existing plural for tags. PENDING native review"
Manual tags,Manuelle Tags,de,"Sidebar group header over tags the researcher made by hand, as against Default and Library codebooks. Replaced Your tags when the en value changed 20 Aug 2026. Adjective from Apple's Manual; noun lifted from each locale's own existing plural for tags. PENDING native review"
Manual tags,Etiquetas manuales,es,"Sidebar group header over tags the researcher made by hand, as against Default and Library codebooks. Replaced Your tags when the en value changed 20 Aug 2026. Adjective from Apple's Manual; noun lifted from each locale's own existing plural for tags. PENDING native review"
Manual tags,Manuaaliset tunnisteet,fi,"Sidebar group header over tags the researcher made by hand, as against Default and Library codebooks. Replaced Your tags when the en value changed 20 Aug 2026. Adjective from Apple's Manual; noun lifted from each locale's own existing plural for tags. PENDING native review - Apple fi ships the adverb Kasin (by hand); Manuaaliset chosen because a bare adverb cannot head a noun phrase"
Manual tags,Étiquettes manuelles,fr,"Sidebar group header over tags the researcher made by hand, as against Default and Library codebooks. Replaced Your tags when the en value changed 20 Aug 2026. Adjective from Apple's Manual; noun lifted from each locale's own existing plural for tags. PENDING native review"
Manual tags,Tag manuali,it,"Sidebar group header over tags the researcher made by hand, as against Default and Library codebooks. Replaced Your tags when the en value changed 20 Aug 2026. Adjective from Apple's Manual; noun lifted from each locale's own existing plural for tags. PENDING native review"
Manual tags,手動タグ,ja,"Sidebar group header over tags the researcher made by hand, as against Default and Library codebooks. Replaced Your tags when the en value changed 20 Aug 2026. Adjective from Apple's Manual; noun lifted from each locale's own existing plural for tags. PENDING native review"
Manual tags,수동 태그,ko,"Sidebar group header over tags the researcher made by hand, as against Default and Library codebooks. Replaced Your tags when the en value changed 20 Aug 2026. Adjective from Apple's Manual; noun lifted from each locale's own existing plural for tags. PENDING native review"
Manual tags,Manuelle tagger,nb,"Sidebar group header over tags the researcher made by hand, as against Default and Library codebooks. Replaced Your tags when the en value changed 20 Aug 2026. Adjective from Apple's Manual; noun lifted from each locale's own existing plural for tags. PENDING native review"
Manual tags,Handmatige tags,nl,"Sidebar group header over tags the researcher made by hand, as against Default and Library codebooks. Replaced Your tags when the en value changed 20 Aug 2026. Adjective from Apple's Manual; noun lifted from each locale's own existing plural for tags. PENDING native review"
Manual tags,Tagi ręczne,pl,"Sidebar group header over tags the researcher made by hand, as against Default and Library codebooks. Replaced Your tags when the en value changed 20 Aug 2026. Adjective from Apple's Manual; noun lifted from each locale's own existing plural for tags. PENDING native review"
Manual tags,Etiquetas manuais,pt-BR,"Sidebar group header over tags the researcher made by hand, as against Default and Library codebooks. Replaced Your tags when the en value changed 20 Aug 2026. Adjective from Apple's Manual; noun lifted from each locale's own existing plural for tags. PENDING native review"
Manual tags,Etiquetas manuais,pt-PT,"Sidebar group header over tags the researcher made by hand, as against Default and Library codebooks. Replaced Your tags when the en value changed 20 Aug 2026. Adjective from Apple's Manual; noun lifted from each locale's own existing plural for tags. PENDING native review"
Manual tags,Ручные теги,ru,"Sidebar group header over tags the researcher made by hand, as against Default and Library codebooks. Replaced Your tags when the en value changed 20 Aug 2026. Adjective from Apple's Manual; noun lifted from each locale's own existing plural for tags. PENDING native review"
Manual tags,Manuella taggar,sv,"Sidebar group header over tags the researcher made by hand, as against Default and Library codebooks. Replaced Your tags when the en value changed 20 Aug 2026. Adjective from Apple's Manual; noun lifted from each locale's own existing plural for tags. PENDING native review"
Manual tags,Manuel etiketler,tr,"Sidebar group header over tags the researcher made by hand, as against Default and Library codebooks. Replaced Your tags when the en value changed 20 Aug 2026. Adjective from Apple's Manual; noun lifted from each locale's own existing plural for tags. PENDING native review - Apple tr ships the adverb Elle; Manuel chosen for the same reason"
Manual tags,Ручні теги,uk,"Sidebar group header over tags the researcher made by hand, as against Default and Library codebooks. Replaced Your tags when the en value changed 20 Aug 2026. Adjective from Apple's Manual; noun lifted from each locale's own existing plural for tags. PENDING native review"
Manual tags,手動標籤,zh-Hant,"Sidebar group header over tags the researcher made by hand, as against Default and Library codebooks. Replaced Your tags when the en value changed 20 Aug 2026. Adjective from Apple's Manual; noun lifted from each locale's own existing plural for tags. PENDING native review"
Install,Instal·la,ca,"Per-codebook action on the Codebook Library tile. Replaced Import codebook when the en value changed 26 Jul 2026 (e8745070); the 19 locales did not follow until 21 Aug. Apple's imperative, measured. PENDING native review"
Install,Nainstalovat,cs,"Per-codebook action on the Codebook Library tile. Replaced Import codebook when the en value changed 26 Jul 2026 (e8745070); the 19 locales did not follow until 21 Aug. Apple's imperative, measured. PENDING native review"
Install,Installer,da,"Per-codebook action on the Codebook Library tile. Replaced Import codebook when the en value changed 26 Jul 2026 (e8745070); the 19 locales did not follow until 21 Aug. Apple's imperative, measured. PENDING native review"
Install,Installieren,de,"Per-codebook action on the Codebook Library tile. Replaced Import codebook when the en value changed 26 Jul 2026 (e8745070); the 19 locales did not follow until 21 Aug. Apple's imperative, measured. PENDING native review"
Install,Instalar,es,"Per-codebook action on the Codebook Library tile. Replaced Import codebook when the en value changed 26 Jul 2026 (e8745070); the 19 locales did not follow until 21 Aug. Apple's imperative, measured. PENDING native review"
Install,Asenna,fi,"Per-codebook action on the Codebook Library tile. Replaced Import codebook when the en value changed 26 Jul 2026 (e8745070); the 19 locales did not follow until 21 Aug. Apple's imperative, measured. PENDING native review"
Install,Installer,fr,"Per-codebook action on the Codebook Library tile. Replaced Import codebook when the en value changed 26 Jul 2026 (e8745070); the 19 locales did not follow until 21 Aug. Apple's imperative, measured. PENDING native review"
Install,Installa,it,"Per-codebook action on the Codebook Library tile. Replaced Import codebook when the en value changed 26 Jul 2026 (e8745070); the 19 locales did not follow until 21 Aug. Apple's imperative, measured. PENDING native review"
Install,インストール,ja,"Per-codebook action on the Codebook Library tile. Replaced Import codebook when the en value changed 26 Jul 2026 (e8745070); the 19 locales did not follow until 21 Aug. Apple's imperative, measured. PENDING native review"
Install,설치,ko,"Per-codebook action on the Codebook Library tile. Replaced Import codebook when the en value changed 26 Jul 2026 (e8745070); the 19 locales did not follow until 21 Aug. Apple's imperative, measured. PENDING native review"
Install,Installer,nb,"Per-codebook action on the Codebook Library tile. Replaced Import codebook when the en value changed 26 Jul 2026 (e8745070); the 19 locales did not follow until 21 Aug. Apple's imperative, measured. PENDING native review"
Install,Installeer,nl,"Per-codebook action on the Codebook Library tile. Replaced Import codebook when the en value changed 26 Jul 2026 (e8745070); the 19 locales did not follow until 21 Aug. Apple's imperative, measured. PENDING native review"
Install,Zainstaluj,pl,"Per-codebook action on the Codebook Library tile. Replaced Import codebook when the en value changed 26 Jul 2026 (e8745070); the 19 locales did not follow until 21 Aug. Apple's imperative, measured. PENDING native review"
Install,Instalar,pt-BR,"Per-codebook action on the Codebook Library tile. Replaced Import codebook when the en value changed 26 Jul 2026 (e8745070); the 19 locales did not follow until 21 Aug. Apple's imperative, measured. PENDING native review"
Install,Instalar,pt-PT,"Per-codebook action on the Codebook Library tile. Replaced Import codebook when the en value changed 26 Jul 2026 (e8745070); the 19 locales did not follow until 21 Aug. Apple's imperative, measured. PENDING native review"
Install,Установить,ru,"Per-codebook action on the Codebook Library tile. Replaced Import codebook when the en value changed 26 Jul 2026 (e8745070); the 19 locales did not follow until 21 Aug. Apple's imperative, measured. PENDING native review"
Install,Installera,sv,"Per-codebook action on the Codebook Library tile. Replaced Import codebook when the en value changed 26 Jul 2026 (e8745070); the 19 locales did not follow until 21 Aug. Apple's imperative, measured. PENDING native review"
Install,Yükle,tr,"Per-codebook action on the Codebook Library tile. Replaced Import codebook when the en value changed 26 Jul 2026 (e8745070); the 19 locales did not follow until 21 Aug. Apple's imperative, measured. PENDING native review"
Install,Інсталювати,uk,"Per-codebook action on the Codebook Library tile. Replaced Import codebook when the en value changed 26 Jul 2026 (e8745070); the 19 locales did not follow until 21 Aug. Apple's imperative, measured. PENDING native review"
Install,安裝,zh-Hant,"Per-codebook action on the Codebook Library tile. Replaced Import codebook when the en value changed 26 Jul 2026 (e8745070); the 19 locales did not follow until 21 Aug. Apple's imperative, measured. PENDING native review"
Uninstall,Desinstal·la,ca,"The inverse of Install on the same tile. Replaced Hide and Remove from codebook, 26 Jul 2026. Apple's imperative, measured. PENDING native review"
Uninstall,Odinstalovat,cs,"The inverse of Install on the same tile. Replaced Hide and Remove from codebook, 26 Jul 2026. Apple's imperative, measured. PENDING native review"
Uninstall,Fjern,da,"The inverse of Install on the same tile. Replaced Hide and Remove from codebook, 26 Jul 2026. Apple's imperative, measured. PENDING native review - Apple ships the Remove-family word here rather than an un-install cognate; reviewer to confirm it stays distinguishable from the generic remove used elsewhere in the codebook UI"
Uninstall,Deinstallieren,de,"The inverse of Install on the same tile. Replaced Hide and Remove from codebook, 26 Jul 2026. Apple's imperative, measured. PENDING native review"
Uninstall,Desinstalar,es,"The inverse of Install on the same tile. Replaced Hide and Remove from codebook, 26 Jul 2026. Apple's imperative, measured. PENDING native review"
Uninstall,Poista,fi,"The inverse of Install on the same tile. Replaced Hide and Remove from codebook, 26 Jul 2026. Apple's imperative, measured. PENDING native review - Apple ships the Remove-family word here rather than an un-install cognate; reviewer to confirm it stays distinguishable from the generic remove used elsewhere in the codebook UI"
Uninstall,Désinstaller,fr,"The inverse of Install on the same tile. Replaced Hide and Remove from codebook, 26 Jul 2026. Apple's imperative, measured. PENDING native review"
Uninstall,Disinstalla,it,"The inverse of Install on the same tile. Replaced Hide and Remove from codebook, 26 Jul 2026. Apple's imperative, measured. PENDING native review"
Uninstall,アンインストール,ja,"The inverse of Install on the same tile. Replaced Hide and Remove from codebook, 26 Jul 2026. Apple's imperative, measured. PENDING native review"
Uninstall,제거,ko,"The inverse of Install on the same tile. Replaced Hide and Remove from codebook, 26 Jul 2026. Apple's imperative, measured. PENDING native review - Apple ships the Remove-family word here rather than an un-install cognate; reviewer to confirm it stays distinguishable from the generic remove used elsewhere in the codebook UI"
Uninstall,Avinstaller,nb,"The inverse of Install on the same tile. Replaced Hide and Remove from codebook, 26 Jul 2026. Apple's imperative, measured. PENDING native review"
Uninstall,Verwijder,nl,"The inverse of Install on the same tile. Replaced Hide and Remove from codebook, 26 Jul 2026. Apple's imperative, measured. PENDING native review - Apple ships the Remove-family word here rather than an un-install cognate; reviewer to confirm it stays distinguishable from the generic remove used elsewhere in the codebook UI"
Uninstall,Odinstaluj,pl,"The inverse of Install on the same tile. Replaced Hide and Remove from codebook, 26 Jul 2026. Apple's imperative, measured. PENDING native review"
Uninstall,Desinstalar,pt-BR,"The inverse of Install on the same tile. Replaced Hide and Remove from codebook, 26 Jul 2026. Apple's imperative, measured. PENDING native review"
Uninstall,Desinstalar,pt-PT,"The inverse of Install on the same tile. Replaced Hide and Remove from codebook, 26 Jul 2026. Apple's imperative, measured. PENDING native review"
Uninstall,Удалить,ru,"The inverse of Install on the same tile. Replaced Hide and Remove from codebook, 26 Jul 2026. Apple's imperative, measured. PENDING native review - Apple ships the Remove-family word here rather than an un-install cognate; reviewer to confirm it stays distinguishable from the generic remove used elsewhere in the codebook UI"
Uninstall,Avinstallera,sv,"The inverse of Install on the same tile. Replaced Hide and Remove from codebook, 26 Jul 2026. Apple's imperative, measured. PENDING native review"
Uninstall,Yüklemeyi Kaldır,tr,"The inverse of Install on the same tile. Replaced Hide and Remove from codebook, 26 Jul 2026. Apple's imperative, measured. PENDING native review"
Uninstall,Видалити,uk,"The inverse of Install on the same tile. Replaced Hide and Remove from codebook, 26 Jul 2026. Apple's imperative, measured. PENDING native review - Apple ships the Remove-family word here rather than an un-install cognate; reviewer to confirm it stays distinguishable from the generic remove used elsewhere in the codebook UI"
Uninstall,解除安裝,zh-Hant,"The inverse of Install on the same tile. Replaced Hide and Remove from codebook, 26 Jul 2026. Apple's imperative, measured. PENDING native review"
Apply,Aplica,ca,"Runs AutoCode over the project with this codebook. Replaced the literal AutoCode quotes when the en value changed 17 Jul 2026 (7530106e). Apple's imperative, measured. PENDING native review"
Apply,Použít,cs,"Runs AutoCode over the project with this codebook. Replaced the literal AutoCode quotes when the en value changed 17 Jul 2026 (7530106e). Apple's imperative, measured. PENDING native review"
Apply,Anvend,da,"Runs AutoCode over the project with this codebook. Replaced the literal AutoCode quotes when the en value changed 17 Jul 2026 (7530106e). Apple's imperative, measured. PENDING native review"
Apply,Anwenden,de,"Runs AutoCode over the project with this codebook. Replaced the literal AutoCode quotes when the en value changed 17 Jul 2026 (7530106e). Apple's imperative, measured. PENDING native review"
Apply,Aplicar,es,"Runs AutoCode over the project with this codebook. Replaced the literal AutoCode quotes when the en value changed 17 Jul 2026 (7530106e). Apple's imperative, measured. PENDING native review"
Apply,Käytä,fi,"Runs AutoCode over the project with this codebook. Replaced the literal AutoCode quotes when the en value changed 17 Jul 2026 (7530106e). Apple's imperative, measured. PENDING native review"
Apply,Appliquer,fr,"Runs AutoCode over the project with this codebook. Replaced the literal AutoCode quotes when the en value changed 17 Jul 2026 (7530106e). Apple's imperative, measured. PENDING native review"
Apply,Applica,it,"Runs AutoCode over the project with this codebook. Replaced the literal AutoCode quotes when the en value changed 17 Jul 2026 (7530106e). Apple's imperative, measured. PENDING native review"
Apply,適用,ja,"Runs AutoCode over the project with this codebook. Replaced the literal AutoCode quotes when the en value changed 17 Jul 2026 (7530106e). Apple's imperative, measured. PENDING native review"
Apply,적용,ko,"Runs AutoCode over the project with this codebook. Replaced the literal AutoCode quotes when the en value changed 17 Jul 2026 (7530106e). Apple's imperative, measured. PENDING native review"
Apply,Bruk,nb,"Runs AutoCode over the project with this codebook. Replaced the literal AutoCode quotes when the en value changed 17 Jul 2026 (7530106e). Apple's imperative, measured. PENDING native review"
Apply,Pas toe,nl,"Runs AutoCode over the project with this codebook. Replaced the literal AutoCode quotes when the en value changed 17 Jul 2026 (7530106e). Apple's imperative, measured. PENDING native review"
Apply,Zastosuj,pl,"Runs AutoCode over the project with this codebook. Replaced the literal AutoCode quotes when the en value changed 17 Jul 2026 (7530106e). Apple's imperative, measured. PENDING native review"
Apply,Aplicar,pt-BR,"Runs AutoCode over the project with this codebook. Replaced the literal AutoCode quotes when the en value changed 17 Jul 2026 (7530106e). Apple's imperative, measured. PENDING native review"
Apply,Aplicar,pt-PT,"Runs AutoCode over the project with this codebook. Replaced the literal AutoCode quotes when the en value changed 17 Jul 2026 (7530106e). Apple's imperative, measured. PENDING native review"
Apply,Применить,ru,"Runs AutoCode over the project with this codebook. Replaced the literal AutoCode quotes when the en value changed 17 Jul 2026 (7530106e). Apple's imperative, measured. PENDING native review"
Apply,Använd,sv,"Runs AutoCode over the project with this codebook. Replaced the literal AutoCode quotes when the en value changed 17 Jul 2026 (7530106e). Apple's imperative, measured. PENDING native review"
Apply,Uygula,tr,"Runs AutoCode over the project with this codebook. Replaced the literal AutoCode quotes when the en value changed 17 Jul 2026 (7530106e). Apple's imperative, measured. PENDING native review"
Apply,Застосувати,uk,"Runs AutoCode over the project with this codebook. Replaced the literal AutoCode quotes when the en value changed 17 Jul 2026 (7530106e). Apple's imperative, measured. PENDING native review"
Apply,套用,zh-Hant,"Runs AutoCode over the project with this codebook. Replaced the literal AutoCode quotes when the en value changed 17 Jul 2026 (7530106e). Apple's imperative, measured. PENDING native review"
Codebook Library,Biblioteca de llibres de codis,ca,"Title of the browse-and-install modal, and the destination named in every reinstall sentence. Replaced Browse codebooks 26 Jul 2026. Built as the locale's own Codebook noun plus its Library noun so the modal title and the sidebar header agree. PENDING native review"
Codebook Library,Knihovna knih kódů,cs,"Title of the browse-and-install modal, and the destination named in every reinstall sentence. Replaced Browse codebooks 26 Jul 2026. Built as the locale's own Codebook noun plus its Library noun so the modal title and the sidebar header agree. PENDING native review - Knihovna knih kodu is literal and clunky; reviewer to propose better"
Codebook Library,Kodebogsbibliotek,da,"Title of the browse-and-install modal, and the destination named in every reinstall sentence. Replaced Browse codebooks 26 Jul 2026. Built as the locale's own Codebook noun plus its Library noun so the modal title and the sidebar header agree. PENDING native review"
Codebook Library,Codebuch-Bibliothek,de,"Title of the browse-and-install modal, and the destination named in every reinstall sentence. Replaced Browse codebooks 26 Jul 2026. Built as the locale's own Codebook noun plus its Library noun so the modal title and the sidebar header agree. PENDING native review"
Codebook Library,Biblioteca de libros de códigos,es,"Title of the browse-and-install modal, and the destination named in every reinstall sentence. Replaced Browse codebooks 26 Jul 2026. Built as the locale's own Codebook noun plus its Library noun so the modal title and the sidebar header agree. PENDING native review"
Codebook Library,Koodikirjojen kirjasto,fi,"Title of the browse-and-install modal, and the destination named in every reinstall sentence. Replaced Browse codebooks 26 Jul 2026. Built as the locale's own Codebook noun plus its Library noun so the modal title and the sidebar header agree. PENDING native review"
Codebook Library,Bibliothèque de grilles de codage,fr,"Title of the browse-and-install modal, and the destination named in every reinstall sentence. Replaced Browse codebooks 26 Jul 2026. Built as the locale's own Codebook noun plus its Library noun so the modal title and the sidebar header agree. PENDING native review"
Codebook Library,Libreria dei libri dei codici,it,"Title of the browse-and-install modal, and the destination named in every reinstall sentence. Replaced Browse codebooks 26 Jul 2026. Built as the locale's own Codebook noun plus its Library noun so the modal title and the sidebar header agree. PENDING native review - Libreria dei libri dei codici is literal and clunky; reviewer to propose better"
Codebook Library,コードブックライブラリ,ja,"Title of the browse-and-install modal, and the destination named in every reinstall sentence. Replaced Browse codebooks 26 Jul 2026. Built as the locale's own Codebook noun plus its Library noun so the modal title and the sidebar header agree. PENDING native review"
Codebook Library,코드북 라이브러리,ko,"Title of the browse-and-install modal, and the destination named in every reinstall sentence. Replaced Browse codebooks 26 Jul 2026. Built as the locale's own Codebook noun plus its Library noun so the modal title and the sidebar header agree. PENDING native review"
Codebook Library,Kodebokbibliotek,nb,"Title of the browse-and-install modal, and the destination named in every reinstall sentence. Replaced Browse codebooks 26 Jul 2026. Built as the locale's own Codebook noun plus its Library noun so the modal title and the sidebar header agree. PENDING native review"
Codebook Library,Codeboekbibliotheek,nl,"Title of the browse-and-install modal, and the destination named in every reinstall sentence. Replaced Browse codebooks 26 Jul 2026. Built as the locale's own Codebook noun plus its Library noun so the modal title and the sidebar header agree. PENDING native review"
Codebook Library,Biblioteka ksiąg kodów,pl,"Title of the browse-and-install modal, and the destination named in every reinstall sentence. Replaced Browse codebooks 26 Jul 2026. Built as the locale's own Codebook noun plus its Library noun so the modal title and the sidebar header agree. PENDING native review"
Codebook Library,Biblioteca de livros de códigos,pt-BR,"Title of the browse-and-install modal, and the destination named in every reinstall sentence. Replaced Browse codebooks 26 Jul 2026. Built as the locale's own Codebook noun plus its Library noun so the modal title and the sidebar header agree. PENDING native review"
Codebook Library,Biblioteca de livros de códigos,pt-PT,"Title of the browse-and-install modal, and the destination named in every reinstall sentence. Replaced Browse codebooks 26 Jul 2026. Built as the locale's own Codebook noun plus its Library noun so the modal title and the sidebar header agree. PENDING native review"
Codebook Library,Библиотека кодировочных книг,ru,"Title of the browse-and-install modal, and the destination named in every reinstall sentence. Replaced Browse codebooks 26 Jul 2026. Built as the locale's own Codebook noun plus its Library noun so the modal title and the sidebar header agree. PENDING native review"
Codebook Library,Kodboksbibliotek,sv,"Title of the browse-and-install modal, and the destination named in every reinstall sentence. Replaced Browse codebooks 26 Jul 2026. Built as the locale's own Codebook noun plus its Library noun so the modal title and the sidebar header agree. PENDING native review"
Codebook Library,Kod defteri kitaplığı,tr,"Title of the browse-and-install modal, and the destination named in every reinstall sentence. Replaced Browse codebooks 26 Jul 2026. Built as the locale's own Codebook noun plus its Library noun so the modal title and the sidebar header agree. PENDING native review"
Codebook Library,Бібліотека кодових книг,uk,"Title of the browse-and-install modal, and the destination named in every reinstall sentence. Replaced Browse codebooks 26 Jul 2026. Built as the locale's own Codebook noun plus its Library noun so the modal title and the sidebar header agree. PENDING native review"
Codebook Library,編碼簿庫,zh-Hant,"Title of the browse-and-install modal, and the destination named in every reinstall sentence. Replaced Browse codebooks 26 Jul 2026. Built as the locale's own Codebook noun plus its Library noun so the modal title and the sidebar header agree. PENDING native review"
Codebooks,Llibres de codis,ca,"Lens name and nav label. The en value went plural 20 Aug 2026 and the translations stayed singular; pluralised from each locale's own existing Codebook value, not swapped to a different root. PENDING native review"
Codebooks,Knihy kódů,cs,"Lens name and nav label. The en value went plural 20 Aug 2026 and the translations stayed singular; pluralised from each locale's own existing Codebook value, not swapped to a different root. PENDING native review"
Codebooks,Kodebøger,da,"Lens name and nav label. The en value went plural 20 Aug 2026 and the translations stayed singular; pluralised from each locale's own existing Codebook value, not swapped to a different root. PENDING native review"
Codebooks,Codebücher,de,"Lens name and nav label. The en value went plural 20 Aug 2026 and the translations stayed singular; pluralised from each locale's own existing Codebook value, not swapped to a different root. PENDING native review"
Codebooks,Libros de códigos,es,"Lens name and nav label. The en value went plural 20 Aug 2026 and the translations stayed singular; pluralised from each locale's own existing Codebook value, not swapped to a different root. PENDING native review"
Codebooks,Koodikirjat,fi,"Lens name and nav label. The en value went plural 20 Aug 2026 and the translations stayed singular; pluralised from each locale's own existing Codebook value, not swapped to a different root. PENDING native review"
Codebooks,Grilles de codage,fr,"Lens name and nav label. The en value went plural 20 Aug 2026 and the translations stayed singular; pluralised from each locale's own existing Codebook value, not swapped to a different root. PENDING native review"
Codebooks,Libri dei codici,it,"Lens name and nav label. The en value went plural 20 Aug 2026 and the translations stayed singular; pluralised from each locale's own existing Codebook value, not swapped to a different root. PENDING native review"
Codebooks,コードブック,ja,"Lens name and nav label. The en value went plural 20 Aug 2026 and the translations stayed singular; pluralised from each locale's own existing Codebook value, not swapped to a different root. PENDING native review - no plural marking - unchanged"
Codebooks,코드북,ko,"Lens name and nav label. The en value went plural 20 Aug 2026 and the translations stayed singular; pluralised from each locale's own existing Codebook value, not swapped to a different root. PENDING native review - no plural marking - unchanged"
Codebooks,Kodebøker,nb,"Lens name and nav label. The en value went plural 20 Aug 2026 and the translations stayed singular; pluralised from each locale's own existing Codebook value, not swapped to a different root. PENDING native review"
Codebooks,Codeboeken,nl,"Lens name and nav label. The en value went plural 20 Aug 2026 and the translations stayed singular; pluralised from each locale's own existing Codebook value, not swapped to a different root. PENDING native review"
Codebooks,Księgi kodów,pl,"Lens name and nav label. The en value went plural 20 Aug 2026 and the translations stayed singular; pluralised from each locale's own existing Codebook value, not swapped to a different root. PENDING native review"
Codebooks,Livros de códigos,pt-BR,"Lens name and nav label. The en value went plural 20 Aug 2026 and the translations stayed singular; pluralised from each locale's own existing Codebook value, not swapped to a different root. PENDING native review"
Codebooks,Livros de códigos,pt-PT,"Lens name and nav label. The en value went plural 20 Aug 2026 and the translations stayed singular; pluralised from each locale's own existing Codebook value, not swapped to a different root. PENDING native review"
Codebooks,Кодировочные книги,ru,"Lens name and nav label. The en value went plural 20 Aug 2026 and the translations stayed singular; pluralised from each locale's own existing Codebook value, not swapped to a different root. PENDING native review - glossary Codebook row says Книга кодов while the locale files use Кодировочная книга - reviewer to settle which"
Codebooks,Kodböcker,sv,"Lens name and nav label. The en value went plural 20 Aug 2026 and the translations stayed singular; pluralised from each locale's own existing Codebook value, not swapped to a different root. PENDING native review"
Codebooks,Kod defterleri,tr,"Lens name and nav label. The en value went plural 20 Aug 2026 and the translations stayed singular; pluralised from each locale's own existing Codebook value, not swapped to a different root. PENDING native review"
Codebooks,Кодові книги,uk,"Lens name and nav label. The en value went plural 20 Aug 2026 and the translations stayed singular; pluralised from each locale's own existing Codebook value, not swapped to a different root. PENDING native review - glossary Codebook row says Книга кодів while the locale files use Кодова книга - reviewer to settle which"
Codebooks,編碼簿,zh-Hant,"Lens name and nav label. The en value went plural 20 Aug 2026 and the translations stayed singular; pluralised from each locale's own existing Codebook value, not swapped to a different root. PENDING native review - no plural marking - unchanged. NOTE the glossary's Codebook row says 代碼簿 while the locale files use 編碼簿 - reviewer to settle which"
Turn,ターン,ja,ATTRIBUTION ITEM — THIS ONE MOVES WORDS. The safety rule is lexical: a menu item naming a piece of speech re-credits words to a different person while an item naming a speaker only relabels. So the turn-noun must stay distinct from the Quotes term in this language and must never be shortened to an ambiguous bare noun. Pinned 25 Aug 2026 — pending native review.
Turn,말차례,ko,ATTRIBUTION ITEM — THIS ONE MOVES WORDS. The safety rule is lexical: a menu item naming a piece of speech re-credits words to a different person while an item naming a speaker only relabels. So the turn-noun must stay distinct from the Quotes term in this language and must never be shortened to an ambiguous bare noun. Pinned 25 Aug 2026 — pending native review.
Turn,Redebeitrag,de,ATTRIBUTION ITEM — THIS ONE MOVES WORDS. The safety rule is lexical: a menu item naming a piece of speech re-credits words to a different person while an item naming a speaker only relabels. So the turn-noun must stay distinct from the Quotes term in this language and must never be shortened to an ambiguous bare noun. Pinned 25 Aug 2026 — pending native review.
Turn,tour de parole,fr,ATTRIBUTION ITEM — THIS ONE MOVES WORDS. The safety rule is lexical: a menu item naming a piece of speech re-credits words to a different person while an item naming a speaker only relabels. So the turn-noun must stay distinct from the Quotes term in this language and must never be shortened to an ambiguous bare noun. Pinned 25 Aug 2026 — pending native review.
Turn,turno de habla,es,ATTRIBUTION ITEM — THIS ONE MOVES WORDS. The safety rule is lexical: a menu item naming a piece of speech re-credits words to a different person while an item naming a speaker only relabels. So the turn-noun must stay distinct from the Quotes term in this language and must never be shortened to an ambiguous bare noun. Pinned 25 Aug 2026 — pending native review.
Turn,torn de parla,ca,ATTRIBUTION ITEM — THIS ONE MOVES WORDS. The safety rule is lexical: a menu item naming a piece of speech re-credits words to a different person while an item naming a speaker only relabels. So the turn-noun must stay distinct from the Quotes term in this language and must never be shortened to an ambiguous bare noun. Pinned 25 Aug 2026 — pending native review.
Turn,turno di parola,it,ATTRIBUTION ITEM — THIS ONE MOVES WORDS. The safety rule is lexical: a menu item naming a piece of speech re-credits words to a different person while an item naming a speaker only relabels. So the turn-noun must stay distinct from the Quotes term in this language and must never be shortened to an ambiguous bare noun. Pinned 25 Aug 2026 — pending native review.
Turn,turno de fala,pt-BR,ATTRIBUTION ITEM — THIS ONE MOVES WORDS. The safety rule is lexical: a menu item naming a piece of speech re-credits words to a different person while an item naming a speaker only relabels. So the turn-noun must stay distinct from the Quotes term in this language and must never be shortened to an ambiguous bare noun. Pinned 25 Aug 2026 — pending native review.
Turn,發言,zh-Hant,ATTRIBUTION ITEM — THIS ONE MOVES WORDS. The safety rule is lexical: a menu item naming a piece of speech re-credits words to a different person while an item naming a speaker only relabels. So the turn-noun must stay distinct from the Quotes term in this language and must never be shortened to an ambiguous bare noun. Pinned 25 Aug 2026 — pending native review.
